course_id,date,course_title,count
04ba6d0b40670c43a209141fa01fa784,2016-03,Анимация интерфейсов,0
04ba6d0b40670c43a209141fa01fa784,2016-04,Анимация интерфейсов,0
04ba6d0b40670c43a209141fa01fa784,2016-05,Анимация интерфейсов,0
04ba6d0b40670c43a209141fa01fa784,2016-06,Анимация интерфейсов,0
04ba6d0b40670c43a209141fa01fa784,2016-07,Анимация интерфейсов,0
04ba6d0b40670c43a209141fa01fa784,2016-08,Анимация интерфейсов,0
04ba6d0b40670c43a209141fa01fa784,2016-09,Анимация интерфейсов,0
04ba6d0b40670c43a209141fa01fa784,2016-10,Анимация интерфейсов,0
04ba6d0b40670c43a209141fa01fa784,2016-11,Анимация интерфейсов,0
04ba6d0b40670c43a209141fa01fa784,2016-12,Анимация интерфейсов,0
04ba6d0b40670c43a209141fa01fa784,2017-01,Анимация интерфейсов,0
04ba6d0b40670c43a209141fa01fa784,2017-02,Анимация интерфейсов,0
04ba6d0b40670c43a209141fa01fa784,2017-03,Анимация интерфейсов,0
04ba6d0b40670c43a209141fa01fa784,2017-04,Анимация интерфейсов,0
04ba6d0b40670c43a209141fa01fa784,2017-05,Анимация интерфейсов,0
04ba6d0b40670c43a209141fa01fa784,2017-06,Анимация интерфейсов,0
04ba6d0b40670c43a209141fa01fa784,2017-07,Анимация интерфейсов,2
04ba6d0b40670c43a209141fa01fa784,2017-08,Анимация интерфейсов,0
04ba6d0b40670c43a209141fa01fa784,2017-09,Анимация интерфейсов,1
04ba6d0b40670c43a209141fa01fa784,2017-10,Анимация интерфейсов,2
04ba6d0b40670c43a209141fa01fa784,2017-11,Анимация интерфейсов,1
04ba6d0b40670c43a209141fa01fa784,2017-12,Анимация интерфейсов,1
04ba6d0b40670c43a209141fa01fa784,2018-01,Анимация интерфейсов,39
04ba6d0b40670c43a209141fa01fa784,2018-02,Анимация интерфейсов,145
04ba6d0b40670c43a209141fa01fa784,2018-03,Анимация интерфейсов,201
04ba6d0b40670c43a209141fa01fa784,2018-04,Анимация интерфейсов,209
04ba6d0b40670c43a209141fa01fa784,2018-05,Анимация интерфейсов,198
04ba6d0b40670c43a209141fa01fa784,2018-06,Анимация интерфейсов,397
04ba6d0b40670c43a209141fa01fa784,2018-07,Анимация интерфейсов,491
04ba6d0b40670c43a209141fa01fa784,2018-08,Анимация интерфейсов,556
04ba6d0b40670c43a209141fa01fa784,2018-09,Анимация интерфейсов,537
04ba6d0b40670c43a209141fa01fa784,2018-10,Анимация интерфейсов,620
04ba6d0b40670c43a209141fa01fa784,2018-11,Анимация интерфейсов,616
04ba6d0b40670c43a209141fa01fa784,2018-12,Анимация интерфейсов,534
04ba6d0b40670c43a209141fa01fa784,2019-01,Анимация интерфейсов,756
04ba6d0b40670c43a209141fa01fa784,2019-02,Анимация интерфейсов,618
04ba6d0b40670c43a209141fa01fa784,2019-03,Анимация интерфейсов,570
04ba6d0b40670c43a209141fa01fa784,2019-04,Анимация интерфейсов,315
04ba6d0b40670c43a209141fa01fa784,2019-05,Анимация интерфейсов,271
04ba6d0b40670c43a209141fa01fa784,2019-06,Анимация интерфейсов,287
04ba6d0b40670c43a209141fa01fa784,2019-07,Анимация интерфейсов,132
0770b1b039964228294f1f34b29fc2c1,2016-03,Руководитель digital-проектов,0
0770b1b039964228294f1f34b29fc2c1,2016-04,Руководитель digital-проектов,0
0770b1b039964228294f1f34b29fc2c1,2016-05,Руководитель digital-проектов,0
0770b1b039964228294f1f34b29fc2c1,2016-06,Руководитель digital-проектов,0
0770b1b039964228294f1f34b29fc2c1,2016-07,Руководитель digital-проектов,0
0770b1b039964228294f1f34b29fc2c1,2016-08,Руководитель digital-проектов,0
0770b1b039964228294f1f34b29fc2c1,2016-09,Руководитель digital-проектов,0
0770b1b039964228294f1f34b29fc2c1,2016-10,Руководитель digital-проектов,0
0770b1b039964228294f1f34b29fc2c1,2016-11,Руководитель digital-проектов,0
0770b1b039964228294f1f34b29fc2c1,2016-12,Руководитель digital-проектов,0
0770b1b039964228294f1f34b29fc2c1,2017-01,Руководитель digital-проектов,0
0770b1b039964228294f1f34b29fc2c1,2017-02,Руководитель digital-проектов,0
0770b1b039964228294f1f34b29fc2c1,2017-03,Руководитель digital-проектов,0
0770b1b039964228294f1f34b29fc2c1,2017-04,Руководитель digital-проектов,0
0770b1b039964228294f1f34b29fc2c1,2017-05,Руководитель digital-проектов,6
0770b1b039964228294f1f34b29fc2c1,2017-06,Руководитель digital-проектов,10
0770b1b039964228294f1f34b29fc2c1,2017-07,Руководитель digital-проектов,5
0770b1b039964228294f1f34b29fc2c1,2017-08,Руководитель digital-проектов,8
0770b1b039964228294f1f34b29fc2c1,2017-09,Руководитель digital-проектов,16
0770b1b039964228294f1f34b29fc2c1,2017-10,Руководитель digital-проектов,38
0770b1b039964228294f1f34b29fc2c1,2017-11,Руководитель digital-проектов,20
0770b1b039964228294f1f34b29fc2c1,2017-12,Руководитель digital-проектов,15
0770b1b039964228294f1f34b29fc2c1,2018-01,Руководитель digital-проектов,189
0770b1b039964228294f1f34b29fc2c1,2018-02,Руководитель digital-проектов,917
0770b1b039964228294f1f34b29fc2c1,2018-03,Руководитель digital-проектов,1106
0770b1b039964228294f1f34b29fc2c1,2018-04,Руководитель digital-проектов,818
0770b1b039964228294f1f34b29fc2c1,2018-05,Руководитель digital-проектов,857
0770b1b039964228294f1f34b29fc2c1,2018-06,Руководитель digital-проектов,1101
0770b1b039964228294f1f34b29fc2c1,2018-07,Руководитель digital-проектов,990
0770b1b039964228294f1f34b29fc2c1,2018-08,Руководитель digital-проектов,981
0770b1b039964228294f1f34b29fc2c1,2018-09,Руководитель digital-проектов,1092
0770b1b039964228294f1f34b29fc2c1,2018-10,Руководитель digital-проектов,1271
0770b1b039964228294f1f34b29fc2c1,2018-11,Руководитель digital-проектов,1139
0770b1b039964228294f1f34b29fc2c1,2018-12,Руководитель digital-проектов,1109
0770b1b039964228294f1f34b29fc2c1,2019-01,Руководитель digital-проектов,1468
0770b1b039964228294f1f34b29fc2c1,2019-02,Руководитель digital-проектов,1550
0770b1b039964228294f1f34b29fc2c1,2019-03,Руководитель digital-проектов,1596
0770b1b039964228294f1f34b29fc2c1,2019-04,Руководитель digital-проектов,1095
0770b1b039964228294f1f34b29fc2c1,2019-05,Руководитель digital-проектов,1078
0770b1b039964228294f1f34b29fc2c1,2019-06,Руководитель digital-проектов,868
0770b1b039964228294f1f34b29fc2c1,2019-07,Руководитель digital-проектов,603
17013cd19d25cb3f28dc1b2683721bb9,2016-03,Веб-дизайн Базовый,0
17013cd19d25cb3f28dc1b2683721bb9,2016-04,Веб-дизайн Базовый,0
17013cd19d25cb3f28dc1b2683721bb9,2016-05,Веб-дизайн Базовый,0
17013cd19d25cb3f28dc1b2683721bb9,2016-06,Веб-дизайн Базовый,0
17013cd19d25cb3f28dc1b2683721bb9,2016-07,Веб-дизайн Базовый,0
17013cd19d25cb3f28dc1b2683721bb9,2016-08,Веб-дизайн Базовый,0
17013cd19d25cb3f28dc1b2683721bb9,2016-09,Веб-дизайн Базовый,0
17013cd19d25cb3f28dc1b2683721bb9,2016-10,Веб-дизайн Базовый,0
17013cd19d25cb3f28dc1b2683721bb9,2016-11,Веб-дизайн Базовый,0
17013cd19d25cb3f28dc1b2683721bb9,2016-12,Веб-дизайн Базовый,0
17013cd19d25cb3f28dc1b2683721bb9,2017-01,Веб-дизайн Базовый,3
17013cd19d25cb3f28dc1b2683721bb9,2017-02,Веб-дизайн Базовый,10
17013cd19d25cb3f28dc1b2683721bb9,2017-03,Веб-дизайн Базовый,24
17013cd19d25cb3f28dc1b2683721bb9,2017-04,Веб-дизайн Базовый,11
17013cd19d25cb3f28dc1b2683721bb9,2017-05,Веб-дизайн Базовый,4
17013cd19d25cb3f28dc1b2683721bb9,2017-06,Веб-дизайн Базовый,6
17013cd19d25cb3f28dc1b2683721bb9,2017-07,Веб-дизайн Базовый,2
17013cd19d25cb3f28dc1b2683721bb9,2017-08,Веб-дизайн Базовый,0
17013cd19d25cb3f28dc1b2683721bb9,2017-09,Веб-дизайн Базовый,0
17013cd19d25cb3f28dc1b2683721bb9,2017-10,Веб-дизайн Базовый,0
17013cd19d25cb3f28dc1b2683721bb9,2017-11,Веб-дизайн Базовый,0
17013cd19d25cb3f28dc1b2683721bb9,2017-12,Веб-дизайн Базовый,0
17013cd19d25cb3f28dc1b2683721bb9,2018-01,Веб-дизайн Базовый,367
17013cd19d25cb3f28dc1b2683721bb9,2018-02,Веб-дизайн Базовый,1353
17013cd19d25cb3f28dc1b2683721bb9,2018-03,Веб-дизайн Базовый,2045
17013cd19d25cb3f28dc1b2683721bb9,2018-04,Веб-дизайн Базовый,2283
17013cd19d25cb3f28dc1b2683721bb9,2018-05,Веб-дизайн Базовый,2561
17013cd19d25cb3f28dc1b2683721bb9,2018-06,Веб-дизайн Базовый,2690
17013cd19d25cb3f28dc1b2683721bb9,2018-07,Веб-дизайн Базовый,2056
17013cd19d25cb3f28dc1b2683721bb9,2018-08,Веб-дизайн Базовый,1479
17013cd19d25cb3f28dc1b2683721bb9,2018-09,Веб-дизайн Базовый,1110
17013cd19d25cb3f28dc1b2683721bb9,2018-10,Веб-дизайн Базовый,857
17013cd19d25cb3f28dc1b2683721bb9,2018-11,Веб-дизайн Базовый,794
17013cd19d25cb3f28dc1b2683721bb9,2018-12,Веб-дизайн Базовый,658
17013cd19d25cb3f28dc1b2683721bb9,2019-01,Веб-дизайн Базовый,708
17013cd19d25cb3f28dc1b2683721bb9,2019-02,Веб-дизайн Базовый,495
17013cd19d25cb3f28dc1b2683721bb9,2019-03,Веб-дизайн Базовый,389
17013cd19d25cb3f28dc1b2683721bb9,2019-04,Веб-дизайн Базовый,355
17013cd19d25cb3f28dc1b2683721bb9,2019-05,Веб-дизайн Базовый,227
17013cd19d25cb3f28dc1b2683721bb9,2019-06,Веб-дизайн Базовый,144
17013cd19d25cb3f28dc1b2683721bb9,2019-07,Веб-дизайн Базовый,113
480d25ad36878fce09e7aada316ba1a6,2016-03,Веб-разработчик,6
480d25ad36878fce09e7aada316ba1a6,2016-04,Веб-разработчик,0
480d25ad36878fce09e7aada316ba1a6,2016-05,Веб-разработчик,0
480d25ad36878fce09e7aada316ba1a6,2016-06,Веб-разработчик,0
480d25ad36878fce09e7aada316ba1a6,2016-07,Веб-разработчик,0
480d25ad36878fce09e7aada316ba1a6,2016-08,Веб-разработчик,0
480d25ad36878fce09e7aada316ba1a6,2016-09,Веб-разработчик,0
480d25ad36878fce09e7aada316ba1a6,2016-10,Веб-разработчик,0
480d25ad36878fce09e7aada316ba1a6,2016-11,Веб-разработчик,0
480d25ad36878fce09e7aada316ba1a6,2016-12,Веб-разработчик,0
480d25ad36878fce09e7aada316ba1a6,2017-01,Веб-разработчик,5
480d25ad36878fce09e7aada316ba1a6,2017-02,Веб-разработчик,0
480d25ad36878fce09e7aada316ba1a6,2017-03,Веб-разработчик,0
480d25ad36878fce09e7aada316ba1a6,2017-04,Веб-разработчик,1
480d25ad36878fce09e7aada316ba1a6,2017-05,Веб-разработчик,3
480d25ad36878fce09e7aada316ba1a6,2017-06,Веб-разработчик,3
480d25ad36878fce09e7aada316ba1a6,2017-07,Веб-разработчик,8
480d25ad36878fce09e7aada316ba1a6,2017-08,Веб-разработчик,1
480d25ad36878fce09e7aada316ba1a6,2017-09,Веб-разработчик,0
480d25ad36878fce09e7aada316ba1a6,2017-10,Веб-разработчик,0
480d25ad36878fce09e7aada316ba1a6,2017-11,Веб-разработчик,1
480d25ad36878fce09e7aada316ba1a6,2017-12,Веб-разработчик,0
480d25ad36878fce09e7aada316ba1a6,2018-01,Веб-разработчик,49
480d25ad36878fce09e7aada316ba1a6,2018-02,Веб-разработчик,338
480d25ad36878fce09e7aada316ba1a6,2018-03,Веб-разработчик,540
480d25ad36878fce09e7aada316ba1a6,2018-04,Веб-разработчик,741
480d25ad36878fce09e7aada316ba1a6,2018-05,Веб-разработчик,729
480d25ad36878fce09e7aada316ba1a6,2018-06,Веб-разработчик,904
480d25ad36878fce09e7aada316ba1a6,2018-07,Веб-разработчик,850
480d25ad36878fce09e7aada316ba1a6,2018-08,Веб-разработчик,526
480d25ad36878fce09e7aada316ba1a6,2018-09,Веб-разработчик,360
480d25ad36878fce09e7aada316ba1a6,2018-10,Веб-разработчик,345
480d25ad36878fce09e7aada316ba1a6,2018-11,Веб-разработчик,375
480d25ad36878fce09e7aada316ba1a6,2018-12,Веб-разработчик,267
480d25ad36878fce09e7aada316ba1a6,2019-01,Веб-разработчик,272
480d25ad36878fce09e7aada316ba1a6,2019-02,Веб-разработчик,280
480d25ad36878fce09e7aada316ba1a6,2019-03,Веб-разработчик,191
480d25ad36878fce09e7aada316ba1a6,2019-04,Веб-разработчик,129
480d25ad36878fce09e7aada316ba1a6,2019-05,Веб-разработчик,121
480d25ad36878fce09e7aada316ba1a6,2019-06,Веб-разработчик,98
480d25ad36878fce09e7aada316ba1a6,2019-07,Веб-разработчик,38
6e4837f0a65c68efbfdd0594d6774701,2016-03,Java-разработчик,0
6e4837f0a65c68efbfdd0594d6774701,2016-04,Java-разработчик,0
6e4837f0a65c68efbfdd0594d6774701,2016-05,Java-разработчик,0
6e4837f0a65c68efbfdd0594d6774701,2016-06,Java-разработчик,0
6e4837f0a65c68efbfdd0594d6774701,2016-07,Java-разработчик,0
6e4837f0a65c68efbfdd0594d6774701,2016-08,Java-разработчик,0
6e4837f0a65c68efbfdd0594d6774701,2016-09,Java-разработчик,0
6e4837f0a65c68efbfdd0594d6774701,2016-10,Java-разработчик,0
6e4837f0a65c68efbfdd0594d6774701,2016-11,Java-разработчик,0
6e4837f0a65c68efbfdd0594d6774701,2016-12,Java-разработчик,0
6e4837f0a65c68efbfdd0594d6774701,2017-01,Java-разработчик,0
6e4837f0a65c68efbfdd0594d6774701,2017-02,Java-разработчик,0
6e4837f0a65c68efbfdd0594d6774701,2017-03,Java-разработчик,0
6e4837f0a65c68efbfdd0594d6774701,2017-04,Java-разработчик,0
6e4837f0a65c68efbfdd0594d6774701,2017-05,Java-разработчик,0
6e4837f0a65c68efbfdd0594d6774701,2017-06,Java-разработчик,0
6e4837f0a65c68efbfdd0594d6774701,2017-07,Java-разработчик,0
6e4837f0a65c68efbfdd0594d6774701,2017-08,Java-разработчик,0
6e4837f0a65c68efbfdd0594d6774701,2017-09,Java-разработчик,0
6e4837f0a65c68efbfdd0594d6774701,2017-10,Java-разработчик,0
6e4837f0a65c68efbfdd0594d6774701,2017-11,Java-разработчик,0
6e4837f0a65c68efbfdd0594d6774701,2017-12,Java-разработчик,0
6e4837f0a65c68efbfdd0594d6774701,2018-01,Java-разработчик,82
6e4837f0a65c68efbfdd0594d6774701,2018-02,Java-разработчик,182
6e4837f0a65c68efbfdd0594d6774701,2018-03,Java-разработчик,774
6e4837f0a65c68efbfdd0594d6774701,2018-04,Java-разработчик,549
6e4837f0a65c68efbfdd0594d6774701,2018-05,Java-разработчик,657
6e4837f0a65c68efbfdd0594d6774701,2018-06,Java-разработчик,1011
6e4837f0a65c68efbfdd0594d6774701,2018-07,Java-разработчик,1468
6e4837f0a65c68efbfdd0594d6774701,2018-08,Java-разработчик,1314
6e4837f0a65c68efbfdd0594d6774701,2018-09,Java-разработчик,1388
6e4837f0a65c68efbfdd0594d6774701,2018-10,Java-разработчик,1662
6e4837f0a65c68efbfdd0594d6774701,2018-11,Java-разработчик,1505
6e4837f0a65c68efbfdd0594d6774701,2018-12,Java-разработчик,3093
6e4837f0a65c68efbfdd0594d6774701,2019-01,Java-разработчик,3486
6e4837f0a65c68efbfdd0594d6774701,2019-02,Java-разработчик,3039
6e4837f0a65c68efbfdd0594d6774701,2019-03,Java-разработчик,3470
6e4837f0a65c68efbfdd0594d6774701,2019-04,Java-разработчик,1699
6e4837f0a65c68efbfdd0594d6774701,2019-05,Java-разработчик,989
6e4837f0a65c68efbfdd0594d6774701,2019-06,Java-разработчик,569
6e4837f0a65c68efbfdd0594d6774701,2019-07,Java-разработчик,283
842218e7c983795934bbe4533c0888c8,2016-03,SMM-маркетолог от А до Я,0
842218e7c983795934bbe4533c0888c8,2016-04,SMM-маркетолог от А до Я,0
842218e7c983795934bbe4533c0888c8,2016-05,SMM-маркетолог от А до Я,0
842218e7c983795934bbe4533c0888c8,2016-06,SMM-маркетолог от А до Я,0
842218e7c983795934bbe4533c0888c8,2016-07,SMM-маркетолог от А до Я,0
842218e7c983795934bbe4533c0888c8,2016-08,SMM-маркетолог от А до Я,0
842218e7c983795934bbe4533c0888c8,2016-09,SMM-маркетолог от А до Я,0
842218e7c983795934bbe4533c0888c8,2016-10,SMM-маркетолог от А до Я,0
842218e7c983795934bbe4533c0888c8,2016-11,SMM-маркетолог от А до Я,0
842218e7c983795934bbe4533c0888c8,2016-12,SMM-маркетолог от А до Я,0
842218e7c983795934bbe4533c0888c8,2017-01,SMM-маркетолог от А до Я,0
842218e7c983795934bbe4533c0888c8,2017-02,SMM-маркетолог от А до Я,0
842218e7c983795934bbe4533c0888c8,2017-03,SMM-маркетолог от А до Я,0
842218e7c983795934bbe4533c0888c8,2017-04,SMM-маркетолог от А до Я,0
842218e7c983795934bbe4533c0888c8,2017-05,SMM-маркетолог от А до Я,0
842218e7c983795934bbe4533c0888c8,2017-06,SMM-маркетолог от А до Я,0
842218e7c983795934bbe4533c0888c8,2017-07,SMM-маркетолог от А до Я,0
842218e7c983795934bbe4533c0888c8,2017-08,SMM-маркетолог от А до Я,0
842218e7c983795934bbe4533c0888c8,2017-09,SMM-маркетолог от А до Я,0
842218e7c983795934bbe4533c0888c8,2017-10,SMM-маркетолог от А до Я,0
842218e7c983795934bbe4533c0888c8,2017-11,SMM-маркетолог от А до Я,0
842218e7c983795934bbe4533c0888c8,2017-12,SMM-маркетолог от А до Я,0
842218e7c983795934bbe4533c0888c8,2018-01,SMM-маркетолог от А до Я,0
842218e7c983795934bbe4533c0888c8,2018-02,SMM-маркетолог от А до Я,0
842218e7c983795934bbe4533c0888c8,2018-03,SMM-маркетолог от А до Я,0
842218e7c983795934bbe4533c0888c8,2018-04,SMM-маркетолог от А до Я,0
842218e7c983795934bbe4533c0888c8,2018-05,SMM-маркетолог от А до Я,0
842218e7c983795934bbe4533c0888c8,2018-06,SMM-маркетолог от А до Я,0
842218e7c983795934bbe4533c0888c8,2018-07,SMM-маркетолог от А до Я,0
842218e7c983795934bbe4533c0888c8,2018-08,SMM-маркетолог от А до Я,0
842218e7c983795934bbe4533c0888c8,2018-09,SMM-маркетолог от А до Я,0
842218e7c983795934bbe4533c0888c8,2018-10,SMM-маркетолог от А до Я,129
842218e7c983795934bbe4533c0888c8,2018-11,SMM-маркетолог от А до Я,274
842218e7c983795934bbe4533c0888c8,2018-12,SMM-маркетолог от А до Я,331
842218e7c983795934bbe4533c0888c8,2019-01,SMM-маркетолог от А до Я,587
842218e7c983795934bbe4533c0888c8,2019-02,SMM-маркетолог от А до Я,1007
842218e7c983795934bbe4533c0888c8,2019-03,SMM-маркетолог от А до Я,963
842218e7c983795934bbe4533c0888c8,2019-04,SMM-маркетолог от А до Я,1033
842218e7c983795934bbe4533c0888c8,2019-05,SMM-маркетолог от А до Я,1126
842218e7c983795934bbe4533c0888c8,2019-06,SMM-маркетолог от А до Я,1404
842218e7c983795934bbe4533c0888c8,2019-07,SMM-маркетолог от А до Я,1199
943306102e5b067d08a29094f37b8193,2016-03,Java-разработчик c нуля,0
943306102e5b067d08a29094f37b8193,2016-04,Java-разработчик c нуля,0
943306102e5b067d08a29094f37b8193,2016-05,Java-разработчик c нуля,0
943306102e5b067d08a29094f37b8193,2016-06,Java-разработчик c нуля,0
943306102e5b067d08a29094f37b8193,2016-07,Java-разработчик c нуля,0
943306102e5b067d08a29094f37b8193,2016-08,Java-разработчик c нуля,0
943306102e5b067d08a29094f37b8193,2016-09,Java-разработчик c нуля,0
943306102e5b067d08a29094f37b8193,2016-10,Java-разработчик c нуля,0
943306102e5b067d08a29094f37b8193,2016-11,Java-разработчик c нуля,0
943306102e5b067d08a29094f37b8193,2016-12,Java-разработчик c нуля,0
943306102e5b067d08a29094f37b8193,2017-01,Java-разработчик c нуля,0
943306102e5b067d08a29094f37b8193,2017-02,Java-разработчик c нуля,0
943306102e5b067d08a29094f37b8193,2017-03,Java-разработчик c нуля,0
943306102e5b067d08a29094f37b8193,2017-04,Java-разработчик c нуля,0
943306102e5b067d08a29094f37b8193,2017-05,Java-разработчик c нуля,0
943306102e5b067d08a29094f37b8193,2017-06,Java-разработчик c нуля,0
943306102e5b067d08a29094f37b8193,2017-07,Java-разработчик c нуля,0
943306102e5b067d08a29094f37b8193,2017-08,Java-разработчик c нуля,0
943306102e5b067d08a29094f37b8193,2017-09,Java-разработчик c нуля,0
943306102e5b067d08a29094f37b8193,2017-10,Java-разработчик c нуля,0
943306102e5b067d08a29094f37b8193,2017-11,Java-разработчик c нуля,0
943306102e5b067d08a29094f37b8193,2017-12,Java-разработчик c нуля,0
943306102e5b067d08a29094f37b8193,2018-01,Java-разработчик c нуля,0
943306102e5b067d08a29094f37b8193,2018-02,Java-разработчик c нуля,0
943306102e5b067d08a29094f37b8193,2018-03,Java-разработчик c нуля,0
943306102e5b067d08a29094f37b8193,2018-04,Java-разработчик c нуля,0
943306102e5b067d08a29094f37b8193,2018-05,Java-разработчик c нуля,0
943306102e5b067d08a29094f37b8193,2018-06,Java-разработчик c нуля,0
943306102e5b067d08a29094f37b8193,2018-07,Java-разработчик c нуля,0
943306102e5b067d08a29094f37b8193,2018-08,Java-разработчик c нуля,0
943306102e5b067d08a29094f37b8193,2018-09,Java-разработчик c нуля,0
943306102e5b067d08a29094f37b8193,2018-10,Java-разработчик c нуля,0
943306102e5b067d08a29094f37b8193,2018-11,Java-разработчик c нуля,0
943306102e5b067d08a29094f37b8193,2018-12,Java-разработчик c нуля,0
943306102e5b067d08a29094f37b8193,2019-01,Java-разработчик c нуля,0
943306102e5b067d08a29094f37b8193,2019-02,Java-разработчик c нуля,0
943306102e5b067d08a29094f37b8193,2019-03,Java-разработчик c нуля,977
943306102e5b067d08a29094f37b8193,2019-04,Java-разработчик c нуля,2772
943306102e5b067d08a29094f37b8193,2019-05,Java-разработчик c нуля,2984
943306102e5b067d08a29094f37b8193,2019-06,Java-разработчик c нуля,4495
943306102e5b067d08a29094f37b8193,2019-07,Java-разработчик c нуля,3172
abce125a877c2196a3bc7bfbc11b5fc5,2016-03,Веб-вёрстка для начинающих 2.0,0
abce125a877c2196a3bc7bfbc11b5fc5,2016-04,Веб-вёрстка для начинающих 2.0,0
abce125a877c2196a3bc7bfbc11b5fc5,2016-05,Веб-вёрстка для начинающих 2.0,0
abce125a877c2196a3bc7bfbc11b5fc5,2016-06,Веб-вёрстка для начинающих 2.0,0
abce125a877c2196a3bc7bfbc11b5fc5,2016-07,Веб-вёрстка для начинающих 2.0,0
abce125a877c2196a3bc7bfbc11b5fc5,2016-08,Веб-вёрстка для начинающих 2.0,0
abce125a877c2196a3bc7bfbc11b5fc5,2016-09,Веб-вёрстка для начинающих 2.0,0
abce125a877c2196a3bc7bfbc11b5fc5,2016-10,Веб-вёрстка для начинающих 2.0,0
abce125a877c2196a3bc7bfbc11b5fc5,2016-11,Веб-вёрстка для начинающих 2.0,0
abce125a877c2196a3bc7bfbc11b5fc5,2016-12,Веб-вёрстка для начинающих 2.0,0
abce125a877c2196a3bc7bfbc11b5fc5,2017-01,Веб-вёрстка для начинающих 2.0,0
abce125a877c2196a3bc7bfbc11b5fc5,2017-02,Веб-вёрстка для начинающих 2.0,0
abce125a877c2196a3bc7bfbc11b5fc5,2017-03,Веб-вёрстка для начинающих 2.0,0
abce125a877c2196a3bc7bfbc11b5fc5,2017-04,Веб-вёрстка для начинающих 2.0,0
abce125a877c2196a3bc7bfbc11b5fc5,2017-05,Веб-вёрстка для начинающих 2.0,0
abce125a877c2196a3bc7bfbc11b5fc5,2017-06,Веб-вёрстка для начинающих 2.0,0
abce125a877c2196a3bc7bfbc11b5fc5,2017-07,Веб-вёрстка для начинающих 2.0,0
abce125a877c2196a3bc7bfbc11b5fc5,2017-08,Веб-вёрстка для начинающих 2.0,0
abce125a877c2196a3bc7bfbc11b5fc5,2017-09,Веб-вёрстка для начинающих 2.0,0
abce125a877c2196a3bc7bfbc11b5fc5,2017-10,Веб-вёрстка для начинающих 2.0,0
abce125a877c2196a3bc7bfbc11b5fc5,2017-11,Веб-вёрстка для начинающих 2.0,0
abce125a877c2196a3bc7bfbc11b5fc5,2017-12,Веб-вёрстка для начинающих 2.0,0
abce125a877c2196a3bc7bfbc11b5fc5,2018-01,Веб-вёрстка для начинающих 2.0,0
abce125a877c2196a3bc7bfbc11b5fc5,2018-02,Веб-вёрстка для начинающих 2.0,0
abce125a877c2196a3bc7bfbc11b5fc5,2018-03,Веб-вёрстка для начинающих 2.0,0
abce125a877c2196a3bc7bfbc11b5fc5,2018-04,Веб-вёрстка для начинающих 2.0,0
abce125a877c2196a3bc7bfbc11b5fc5,2018-05,Веб-вёрстка для начинающих 2.0,0
abce125a877c2196a3bc7bfbc11b5fc5,2018-06,Веб-вёрстка для начинающих 2.0,0
abce125a877c2196a3bc7bfbc11b5fc5,2018-07,Веб-вёрстка для начинающих 2.0,1293
abce125a877c2196a3bc7bfbc11b5fc5,2018-08,Веб-вёрстка для начинающих 2.0,2079
abce125a877c2196a3bc7bfbc11b5fc5,2018-09,Веб-вёрстка для начинающих 2.0,2652
abce125a877c2196a3bc7bfbc11b5fc5,2018-10,Веб-вёрстка для начинающих 2.0,2306
abce125a877c2196a3bc7bfbc11b5fc5,2018-11,Веб-вёрстка для начинающих 2.0,2607
abce125a877c2196a3bc7bfbc11b5fc5,2018-12,Веб-вёрстка для начинающих 2.0,3195
abce125a877c2196a3bc7bfbc11b5fc5,2019-01,Веб-вёрстка для начинающих 2.0,3563
abce125a877c2196a3bc7bfbc11b5fc5,2019-02,Веб-вёрстка для начинающих 2.0,2995
abce125a877c2196a3bc7bfbc11b5fc5,2019-03,Веб-вёрстка для начинающих 2.0,3176
abce125a877c2196a3bc7bfbc11b5fc5,2019-04,Веб-вёрстка для начинающих 2.0,2684
abce125a877c2196a3bc7bfbc11b5fc5,2019-05,Веб-вёрстка для начинающих 2.0,2511
abce125a877c2196a3bc7bfbc11b5fc5,2019-06,Веб-вёрстка для начинающих 2.0,2401
abce125a877c2196a3bc7bfbc11b5fc5,2019-07,Веб-вёрстка для начинающих 2.0,1378
ac634845fb0350d0e9d49078aaa4b68f,2016-03,Excel Базовый,0
ac634845fb0350d0e9d49078aaa4b68f,2016-04,Excel Базовый,0
ac634845fb0350d0e9d49078aaa4b68f,2016-05,Excel Базовый,0
ac634845fb0350d0e9d49078aaa4b68f,2016-06,Excel Базовый,0
ac634845fb0350d0e9d49078aaa4b68f,2016-07,Excel Базовый,0
ac634845fb0350d0e9d49078aaa4b68f,2016-08,Excel Базовый,0
ac634845fb0350d0e9d49078aaa4b68f,2016-09,Excel Базовый,0
ac634845fb0350d0e9d49078aaa4b68f,2016-10,Excel Базовый,0
ac634845fb0350d0e9d49078aaa4b68f,2016-11,Excel Базовый,0
ac634845fb0350d0e9d49078aaa4b68f,2016-12,Excel Базовый,0
ac634845fb0350d0e9d49078aaa4b68f,2017-01,Excel Базовый,0
ac634845fb0350d0e9d49078aaa4b68f,2017-02,Excel Базовый,0
ac634845fb0350d0e9d49078aaa4b68f,2017-03,Excel Базовый,0
ac634845fb0350d0e9d49078aaa4b68f,2017-04,Excel Базовый,0
ac634845fb0350d0e9d49078aaa4b68f,2017-05,Excel Базовый,0
ac634845fb0350d0e9d49078aaa4b68f,2017-06,Excel Базовый,0
ac634845fb0350d0e9d49078aaa4b68f,2017-07,Excel Базовый,0
ac634845fb0350d0e9d49078aaa4b68f,2017-08,Excel Базовый,0
ac634845fb0350d0e9d49078aaa4b68f,2017-09,Excel Базовый,0
ac634845fb0350d0e9d49078aaa4b68f,2017-10,Excel Базовый,0
ac634845fb0350d0e9d49078aaa4b68f,2017-11,Excel Базовый,0
ac634845fb0350d0e9d49078aaa4b68f,2017-12,Excel Базовый,0
ac634845fb0350d0e9d49078aaa4b68f,2018-01,Excel Базовый,26
ac634845fb0350d0e9d49078aaa4b68f,2018-02,Excel Базовый,211
ac634845fb0350d0e9d49078aaa4b68f,2018-03,Excel Базовый,60
ac634845fb0350d0e9d49078aaa4b68f,2018-04,Excel Базовый,53
ac634845fb0350d0e9d49078aaa4b68f,2018-05,Excel Базовый,102
ac634845fb0350d0e9d49078aaa4b68f,2018-06,Excel Базовый,266
ac634845fb0350d0e9d49078aaa4b68f,2018-07,Excel Базовый,487
ac634845fb0350d0e9d49078aaa4b68f,2018-08,Excel Базовый,602
ac634845fb0350d0e9d49078aaa4b68f,2018-09,Excel Базовый,1202
ac634845fb0350d0e9d49078aaa4b68f,2018-10,Excel Базовый,1370
ac634845fb0350d0e9d49078aaa4b68f,2018-11,Excel Базовый,1299
ac634845fb0350d0e9d49078aaa4b68f,2018-12,Excel Базовый,1457
ac634845fb0350d0e9d49078aaa4b68f,2019-01,Excel Базовый,2076
ac634845fb0350d0e9d49078aaa4b68f,2019-02,Excel Базовый,2066
ac634845fb0350d0e9d49078aaa4b68f,2019-03,Excel Базовый,2161
ac634845fb0350d0e9d49078aaa4b68f,2019-04,Excel Базовый,1855
ac634845fb0350d0e9d49078aaa4b68f,2019-05,Excel Базовый,1790
ac634845fb0350d0e9d49078aaa4b68f,2019-06,Excel Базовый,1606
ac634845fb0350d0e9d49078aaa4b68f,2019-07,Excel Базовый,1046
bf27a4bf4ada4c756451703ea62a914f,2016-03,Интернет-маркетолог от Ingate,0
bf27a4bf4ada4c756451703ea62a914f,2016-04,Интернет-маркетолог от Ingate,0
bf27a4bf4ada4c756451703ea62a914f,2016-05,Интернет-маркетолог от Ingate,0
bf27a4bf4ada4c756451703ea62a914f,2016-06,Интернет-маркетолог от Ingate,0
bf27a4bf4ada4c756451703ea62a914f,2016-07,Интернет-маркетолог от Ingate,0
bf27a4bf4ada4c756451703ea62a914f,2016-08,Интернет-маркетолог от Ingate,0
bf27a4bf4ada4c756451703ea62a914f,2016-09,Интернет-маркетолог от Ingate,0
bf27a4bf4ada4c756451703ea62a914f,2016-10,Интернет-маркетолог от Ingate,0
bf27a4bf4ada4c756451703ea62a914f,2016-11,Интернет-маркетолог от Ingate,0
bf27a4bf4ada4c756451703ea62a914f,2016-12,Интернет-маркетолог от Ingate,0
bf27a4bf4ada4c756451703ea62a914f,2017-01,Интернет-маркетолог от Ingate,0
bf27a4bf4ada4c756451703ea62a914f,2017-02,Интернет-маркетолог от Ingate,0
bf27a4bf4ada4c756451703ea62a914f,2017-03,Интернет-маркетолог от Ingate,0
bf27a4bf4ada4c756451703ea62a914f,2017-04,Интернет-маркетолог от Ingate,0
bf27a4bf4ada4c756451703ea62a914f,2017-05,Интернет-маркетолог от Ingate,0
bf27a4bf4ada4c756451703ea62a914f,2017-06,Интернет-маркетолог от Ingate,0
bf27a4bf4ada4c756451703ea62a914f,2017-07,Интернет-маркетолог от Ingate,0
bf27a4bf4ada4c756451703ea62a914f,2017-08,Интернет-маркетолог от Ingate,15
bf27a4bf4ada4c756451703ea62a914f,2017-09,Интернет-маркетолог от Ingate,12
bf27a4bf4ada4c756451703ea62a914f,2017-10,Интернет-маркетолог от Ingate,19
bf27a4bf4ada4c756451703ea62a914f,2017-11,Интернет-маркетолог от Ingate,9
bf27a4bf4ada4c756451703ea62a914f,2017-12,Интернет-маркетолог от Ingate,15
bf27a4bf4ada4c756451703ea62a914f,2018-01,Интернет-маркетолог от Ingate,264
bf27a4bf4ada4c756451703ea62a914f,2018-02,Интернет-маркетолог от Ingate,1267
bf27a4bf4ada4c756451703ea62a914f,2018-03,Интернет-маркетолог от Ingate,1989
bf27a4bf4ada4c756451703ea62a914f,2018-04,Интернет-маркетолог от Ingate,1963
bf27a4bf4ada4c756451703ea62a914f,2018-05,Интернет-маркетолог от Ingate,1948
bf27a4bf4ada4c756451703ea62a914f,2018-06,Интернет-маркетолог от Ingate,2361
bf27a4bf4ada4c756451703ea62a914f,2018-07,Интернет-маркетолог от Ingate,2913
bf27a4bf4ada4c756451703ea62a914f,2018-08,Интернет-маркетолог от Ingate,3077
bf27a4bf4ada4c756451703ea62a914f,2018-09,Интернет-маркетолог от Ingate,3884
bf27a4bf4ada4c756451703ea62a914f,2018-10,Интернет-маркетолог от Ingate,3993
bf27a4bf4ada4c756451703ea62a914f,2018-11,Интернет-маркетолог от Ingate,4844
bf27a4bf4ada4c756451703ea62a914f,2018-12,Интернет-маркетолог от Ingate,5143
bf27a4bf4ada4c756451703ea62a914f,2019-01,Интернет-маркетолог от Ingate,6586
bf27a4bf4ada4c756451703ea62a914f,2019-02,Интернет-маркетолог от Ingate,7387
bf27a4bf4ada4c756451703ea62a914f,2019-03,Интернет-маркетолог от Ingate,7784
bf27a4bf4ada4c756451703ea62a914f,2019-04,Интернет-маркетолог от Ingate,6723
bf27a4bf4ada4c756451703ea62a914f,2019-05,Интернет-маркетолог от Ingate,5876
bf27a4bf4ada4c756451703ea62a914f,2019-06,Интернет-маркетолог от Ingate,6618
bf27a4bf4ada4c756451703ea62a914f,2019-07,Интернет-маркетолог от Ingate,3898
c9fcb746d51e41bc5a217002d081454b,2016-03,Веб-дизайн PRO 2.0,0
c9fcb746d51e41bc5a217002d081454b,2016-04,Веб-дизайн PRO 2.0,0
c9fcb746d51e41bc5a217002d081454b,2016-05,Веб-дизайн PRO 2.0,0
c9fcb746d51e41bc5a217002d081454b,2016-06,Веб-дизайн PRO 2.0,0
c9fcb746d51e41bc5a217002d081454b,2016-07,Веб-дизайн PRO 2.0,0
c9fcb746d51e41bc5a217002d081454b,2016-08,Веб-дизайн PRO 2.0,0
c9fcb746d51e41bc5a217002d081454b,2016-09,Веб-дизайн PRO 2.0,0
c9fcb746d51e41bc5a217002d081454b,2016-10,Веб-дизайн PRO 2.0,0
c9fcb746d51e41bc5a217002d081454b,2016-11,Веб-дизайн PRO 2.0,0
c9fcb746d51e41bc5a217002d081454b,2016-12,Веб-дизайн PRO 2.0,0
c9fcb746d51e41bc5a217002d081454b,2017-01,Веб-дизайн PRO 2.0,0
c9fcb746d51e41bc5a217002d081454b,2017-02,Веб-дизайн PRO 2.0,0
c9fcb746d51e41bc5a217002d081454b,2017-03,Веб-дизайн PRO 2.0,0
c9fcb746d51e41bc5a217002d081454b,2017-04,Веб-дизайн PRO 2.0,0
c9fcb746d51e41bc5a217002d081454b,2017-05,Веб-дизайн PRO 2.0,0
c9fcb746d51e41bc5a217002d081454b,2017-06,Веб-дизайн PRO 2.0,0
c9fcb746d51e41bc5a217002d081454b,2017-07,Веб-дизайн PRO 2.0,0
c9fcb746d51e41bc5a217002d081454b,2017-08,Веб-дизайн PRO 2.0,0
c9fcb746d51e41bc5a217002d081454b,2017-09,Веб-дизайн PRO 2.0,0
c9fcb746d51e41bc5a217002d081454b,2017-10,Веб-дизайн PRO 2.0,0
c9fcb746d51e41bc5a217002d081454b,2017-11,Веб-дизайн PRO 2.0,0
c9fcb746d51e41bc5a217002d081454b,2017-12,Веб-дизайн PRO 2.0,0
c9fcb746d51e41bc5a217002d081454b,2018-01,Веб-дизайн PRO 2.0,0
c9fcb746d51e41bc5a217002d081454b,2018-02,Веб-дизайн PRO 2.0,0
c9fcb746d51e41bc5a217002d081454b,2018-03,Веб-дизайн PRO 2.0,0
c9fcb746d51e41bc5a217002d081454b,2018-04,Веб-дизайн PRO 2.0,0
c9fcb746d51e41bc5a217002d081454b,2018-05,Веб-дизайн PRO 2.0,0
c9fcb746d51e41bc5a217002d081454b,2018-06,Веб-дизайн PRO 2.0,689
c9fcb746d51e41bc5a217002d081454b,2018-07,Веб-дизайн PRO 2.0,946
c9fcb746d51e41bc5a217002d081454b,2018-08,Веб-дизайн PRO 2.0,873
c9fcb746d51e41bc5a217002d081454b,2018-09,Веб-дизайн PRO 2.0,1062
c9fcb746d51e41bc5a217002d081454b,2018-10,Веб-дизайн PRO 2.0,1191
c9fcb746d51e41bc5a217002d081454b,2018-11,Веб-дизайн PRO 2.0,1282
c9fcb746d51e41bc5a217002d081454b,2018-12,Веб-дизайн PRO 2.0,1523
c9fcb746d51e41bc5a217002d081454b,2019-01,Веб-дизайн PRO 2.0,1946
c9fcb746d51e41bc5a217002d081454b,2019-02,Веб-дизайн PRO 2.0,1956
c9fcb746d51e41bc5a217002d081454b,2019-03,Веб-дизайн PRO 2.0,2283
c9fcb746d51e41bc5a217002d081454b,2019-04,Веб-дизайн PRO 2.0,1937
c9fcb746d51e41bc5a217002d081454b,2019-05,Веб-дизайн PRO 2.0,2112
c9fcb746d51e41bc5a217002d081454b,2019-06,Веб-дизайн PRO 2.0,2018
c9fcb746d51e41bc5a217002d081454b,2019-07,Веб-дизайн PRO 2.0,1106
ccbab00e99b27f83369d6cc89d914ad6,2016-03,PHP-разработчик с 0 до PRO. Часть 1,0
ccbab00e99b27f83369d6cc89d914ad6,2016-04,PHP-разработчик с 0 до PRO. Часть 1,0
ccbab00e99b27f83369d6cc89d914ad6,2016-05,PHP-разработчик с 0 до PRO. Часть 1,0
ccbab00e99b27f83369d6cc89d914ad6,2016-06,PHP-разработчик с 0 до PRO. Часть 1,0
ccbab00e99b27f83369d6cc89d914ad6,2016-07,PHP-разработчик с 0 до PRO. Часть 1,0
ccbab00e99b27f83369d6cc89d914ad6,2016-08,PHP-разработчик с 0 до PRO. Часть 1,0
ccbab00e99b27f83369d6cc89d914ad6,2016-09,PHP-разработчик с 0 до PRO. Часть 1,0
ccbab00e99b27f83369d6cc89d914ad6,2016-10,PHP-разработчик с 0 до PRO. Часть 1,0
ccbab00e99b27f83369d6cc89d914ad6,2016-11,PHP-разработчик с 0 до PRO. Часть 1,0
ccbab00e99b27f83369d6cc89d914ad6,2016-12,PHP-разработчик с 0 до PRO. Часть 1,0
ccbab00e99b27f83369d6cc89d914ad6,2017-01,PHP-разработчик с 0 до PRO. Часть 1,0
ccbab00e99b27f83369d6cc89d914ad6,2017-02,PHP-разработчик с 0 до PRO. Часть 1,0
ccbab00e99b27f83369d6cc89d914ad6,2017-03,PHP-разработчик с 0 до PRO. Часть 1,0
ccbab00e99b27f83369d6cc89d914ad6,2017-04,PHP-разработчик с 0 до PRO. Часть 1,0
ccbab00e99b27f83369d6cc89d914ad6,2017-05,PHP-разработчик с 0 до PRO. Часть 1,0
ccbab00e99b27f83369d6cc89d914ad6,2017-06,PHP-разработчик с 0 до PRO. Часть 1,0
ccbab00e99b27f83369d6cc89d914ad6,2017-07,PHP-разработчик с 0 до PRO. Часть 1,0
ccbab00e99b27f83369d6cc89d914ad6,2017-08,PHP-разработчик с 0 до PRO. Часть 1,0
ccbab00e99b27f83369d6cc89d914ad6,2017-09,PHP-разработчик с 0 до PRO. Часть 1,0
ccbab00e99b27f83369d6cc89d914ad6,2017-10,PHP-разработчик с 0 до PRO. Часть 1,0
ccbab00e99b27f83369d6cc89d914ad6,2017-11,PHP-разработчик с 0 до PRO. Часть 1,0
ccbab00e99b27f83369d6cc89d914ad6,2017-12,PHP-разработчик с 0 до PRO. Часть 1,0
ccbab00e99b27f83369d6cc89d914ad6,2018-01,PHP-разработчик с 0 до PRO. Часть 1,0
ccbab00e99b27f83369d6cc89d914ad6,2018-02,PHP-разработчик с 0 до PRO. Часть 1,0
ccbab00e99b27f83369d6cc89d914ad6,2018-03,PHP-разработчик с 0 до PRO. Часть 1,22
ccbab00e99b27f83369d6cc89d914ad6,2018-04,PHP-разработчик с 0 до PRO. Часть 1,85
ccbab00e99b27f83369d6cc89d914ad6,2018-05,PHP-разработчик с 0 до PRO. Часть 1,156
ccbab00e99b27f83369d6cc89d914ad6,2018-06,PHP-разработчик с 0 до PRO. Часть 1,196
ccbab00e99b27f83369d6cc89d914ad6,2018-07,PHP-разработчик с 0 до PRO. Часть 1,341
ccbab00e99b27f83369d6cc89d914ad6,2018-08,PHP-разработчик с 0 до PRO. Часть 1,329
ccbab00e99b27f83369d6cc89d914ad6,2018-09,PHP-разработчик с 0 до PRO. Часть 1,495
ccbab00e99b27f83369d6cc89d914ad6,2018-10,PHP-разработчик с 0 до PRO. Часть 1,577
ccbab00e99b27f83369d6cc89d914ad6,2018-11,PHP-разработчик с 0 до PRO. Часть 1,450
ccbab00e99b27f83369d6cc89d914ad6,2018-12,PHP-разработчик с 0 до PRO. Часть 1,652
ccbab00e99b27f83369d6cc89d914ad6,2019-01,PHP-разработчик с 0 до PRO. Часть 1,707
ccbab00e99b27f83369d6cc89d914ad6,2019-02,PHP-разработчик с 0 до PRO. Часть 1,502
ccbab00e99b27f83369d6cc89d914ad6,2019-03,PHP-разработчик с 0 до PRO. Часть 1,622
ccbab00e99b27f83369d6cc89d914ad6,2019-04,PHP-разработчик с 0 до PRO. Часть 1,550
ccbab00e99b27f83369d6cc89d914ad6,2019-05,PHP-разработчик с 0 до PRO. Часть 1,561
ccbab00e99b27f83369d6cc89d914ad6,2019-06,PHP-разработчик с 0 до PRO. Часть 1,379
ccbab00e99b27f83369d6cc89d914ad6,2019-07,PHP-разработчик с 0 до PRO. Часть 1,345
dad6f6ffc086caa89e2f40c28a9c7490,2016-03,UX-дизайн,0
dad6f6ffc086caa89e2f40c28a9c7490,2016-04,UX-дизайн,0
dad6f6ffc086caa89e2f40c28a9c7490,2016-05,UX-дизайн,0
dad6f6ffc086caa89e2f40c28a9c7490,2016-06,UX-дизайн,0
dad6f6ffc086caa89e2f40c28a9c7490,2016-07,UX-дизайн,0
dad6f6ffc086caa89e2f40c28a9c7490,2016-08,UX-дизайн,0
dad6f6ffc086caa89e2f40c28a9c7490,2016-09,UX-дизайн,0
dad6f6ffc086caa89e2f40c28a9c7490,2016-10,UX-дизайн,0
dad6f6ffc086caa89e2f40c28a9c7490,2016-11,UX-дизайн,6
dad6f6ffc086caa89e2f40c28a9c7490,2016-12,UX-дизайн,2
dad6f6ffc086caa89e2f40c28a9c7490,2017-01,UX-дизайн,22
dad6f6ffc086caa89e2f40c28a9c7490,2017-02,UX-дизайн,6
dad6f6ffc086caa89e2f40c28a9c7490,2017-03,UX-дизайн,4
dad6f6ffc086caa89e2f40c28a9c7490,2017-04,UX-дизайн,11
dad6f6ffc086caa89e2f40c28a9c7490,2017-05,UX-дизайн,14
dad6f6ffc086caa89e2f40c28a9c7490,2017-06,UX-дизайн,23
dad6f6ffc086caa89e2f40c28a9c7490,2017-07,UX-дизайн,8
dad6f6ffc086caa89e2f40c28a9c7490,2017-08,UX-дизайн,15
dad6f6ffc086caa89e2f40c28a9c7490,2017-09,UX-дизайн,9
dad6f6ffc086caa89e2f40c28a9c7490,2017-10,UX-дизайн,11
dad6f6ffc086caa89e2f40c28a9c7490,2017-11,UX-дизайн,10
dad6f6ffc086caa89e2f40c28a9c7490,2017-12,UX-дизайн,9
dad6f6ffc086caa89e2f40c28a9c7490,2018-01,UX-дизайн,348
dad6f6ffc086caa89e2f40c28a9c7490,2018-02,UX-дизайн,840
dad6f6ffc086caa89e2f40c28a9c7490,2018-03,UX-дизайн,1338
dad6f6ffc086caa89e2f40c28a9c7490,2018-04,UX-дизайн,1329
dad6f6ffc086caa89e2f40c28a9c7490,2018-05,UX-дизайн,1559
dad6f6ffc086caa89e2f40c28a9c7490,2018-06,UX-дизайн,1483
dad6f6ffc086caa89e2f40c28a9c7490,2018-07,UX-дизайн,1897
dad6f6ffc086caa89e2f40c28a9c7490,2018-08,UX-дизайн,1820
dad6f6ffc086caa89e2f40c28a9c7490,2018-09,UX-дизайн,2074
dad6f6ffc086caa89e2f40c28a9c7490,2018-10,UX-дизайн,1899
dad6f6ffc086caa89e2f40c28a9c7490,2018-11,UX-дизайн,1853
dad6f6ffc086caa89e2f40c28a9c7490,2018-12,UX-дизайн,1905
dad6f6ffc086caa89e2f40c28a9c7490,2019-01,UX-дизайн,2308
dad6f6ffc086caa89e2f40c28a9c7490,2019-02,UX-дизайн,1888
dad6f6ffc086caa89e2f40c28a9c7490,2019-03,UX-дизайн,1607
dad6f6ffc086caa89e2f40c28a9c7490,2019-04,UX-дизайн,1254
dad6f6ffc086caa89e2f40c28a9c7490,2019-05,UX-дизайн,1162
dad6f6ffc086caa89e2f40c28a9c7490,2019-06,UX-дизайн,1373
dad6f6ffc086caa89e2f40c28a9c7490,2019-07,UX-дизайн,680
e3a0df907589d56692b5cb561fd90d87,2016-03,Веб-дизайн с нуля 2.0,0
e3a0df907589d56692b5cb561fd90d87,2016-04,Веб-дизайн с нуля 2.0,0
e3a0df907589d56692b5cb561fd90d87,2016-05,Веб-дизайн с нуля 2.0,0
e3a0df907589d56692b5cb561fd90d87,2016-06,Веб-дизайн с нуля 2.0,0
e3a0df907589d56692b5cb561fd90d87,2016-07,Веб-дизайн с нуля 2.0,0
e3a0df907589d56692b5cb561fd90d87,2016-08,Веб-дизайн с нуля 2.0,0
e3a0df907589d56692b5cb561fd90d87,2016-09,Веб-дизайн с нуля 2.0,0
e3a0df907589d56692b5cb561fd90d87,2016-10,Веб-дизайн с нуля 2.0,0
e3a0df907589d56692b5cb561fd90d87,2016-11,Веб-дизайн с нуля 2.0,0
e3a0df907589d56692b5cb561fd90d87,2016-12,Веб-дизайн с нуля 2.0,0
e3a0df907589d56692b5cb561fd90d87,2017-01,Веб-дизайн с нуля 2.0,0
e3a0df907589d56692b5cb561fd90d87,2017-02,Веб-дизайн с нуля 2.0,0
e3a0df907589d56692b5cb561fd90d87,2017-03,Веб-дизайн с нуля 2.0,0
e3a0df907589d56692b5cb561fd90d87,2017-04,Веб-дизайн с нуля 2.0,0
e3a0df907589d56692b5cb561fd90d87,2017-05,Веб-дизайн с нуля 2.0,0
e3a0df907589d56692b5cb561fd90d87,2017-06,Веб-дизайн с нуля 2.0,0
e3a0df907589d56692b5cb561fd90d87,2017-07,Веб-дизайн с нуля 2.0,0
e3a0df907589d56692b5cb561fd90d87,2017-08,Веб-дизайн с нуля 2.0,0
e3a0df907589d56692b5cb561fd90d87,2017-09,Веб-дизайн с нуля 2.0,0
e3a0df907589d56692b5cb561fd90d87,2017-10,Веб-дизайн с нуля 2.0,0
e3a0df907589d56692b5cb561fd90d87,2017-11,Веб-дизайн с нуля 2.0,0
e3a0df907589d56692b5cb561fd90d87,2017-12,Веб-дизайн с нуля 2.0,0
e3a0df907589d56692b5cb561fd90d87,2018-01,Веб-дизайн с нуля 2.0,0
e3a0df907589d56692b5cb561fd90d87,2018-02,Веб-дизайн с нуля 2.0,0
e3a0df907589d56692b5cb561fd90d87,2018-03,Веб-дизайн с нуля 2.0,0
e3a0df907589d56692b5cb561fd90d87,2018-04,Веб-дизайн с нуля 2.0,0
e3a0df907589d56692b5cb561fd90d87,2018-05,Веб-дизайн с нуля 2.0,0
e3a0df907589d56692b5cb561fd90d87,2018-06,Веб-дизайн с нуля 2.0,379
e3a0df907589d56692b5cb561fd90d87,2018-07,Веб-дизайн с нуля 2.0,1769
e3a0df907589d56692b5cb561fd90d87,2018-08,Веб-дизайн с нуля 2.0,2593
e3a0df907589d56692b5cb561fd90d87,2018-09,Веб-дизайн с нуля 2.0,3924
e3a0df907589d56692b5cb561fd90d87,2018-10,Веб-дизайн с нуля 2.0,5476
e3a0df907589d56692b5cb561fd90d87,2018-11,Веб-дизайн с нуля 2.0,5901
e3a0df907589d56692b5cb561fd90d87,2018-12,Веб-дизайн с нуля 2.0,7349
e3a0df907589d56692b5cb561fd90d87,2019-01,Веб-дизайн с нуля 2.0,11400
e3a0df907589d56692b5cb561fd90d87,2019-02,Веб-дизайн с нуля 2.0,9412
e3a0df907589d56692b5cb561fd90d87,2019-03,Веб-дизайн с нуля 2.0,8872
e3a0df907589d56692b5cb561fd90d87,2019-04,Веб-дизайн с нуля 2.0,7891
e3a0df907589d56692b5cb561fd90d87,2019-05,Веб-дизайн с нуля 2.0,6325
e3a0df907589d56692b5cb561fd90d87,2019-06,Веб-дизайн с нуля 2.0,6017
e3a0df907589d56692b5cb561fd90d87,2019-07,Веб-дизайн с нуля 2.0,3211
e9bb9205eeed307ee7cbaa08bfd166c3,2016-03,JavaScript с нуля,0
e9bb9205eeed307ee7cbaa08bfd166c3,2016-04,JavaScript с нуля,0
e9bb9205eeed307ee7cbaa08bfd166c3,2016-05,JavaScript с нуля,0
e9bb9205eeed307ee7cbaa08bfd166c3,2016-06,JavaScript с нуля,0
e9bb9205eeed307ee7cbaa08bfd166c3,2016-07,JavaScript с нуля,0
e9bb9205eeed307ee7cbaa08bfd166c3,2016-08,JavaScript с нуля,0
e9bb9205eeed307ee7cbaa08bfd166c3,2016-09,JavaScript с нуля,0
e9bb9205eeed307ee7cbaa08bfd166c3,2016-10,JavaScript с нуля,0
e9bb9205eeed307ee7cbaa08bfd166c3,2016-11,JavaScript с нуля,0
e9bb9205eeed307ee7cbaa08bfd166c3,2016-12,JavaScript с нуля,0
e9bb9205eeed307ee7cbaa08bfd166c3,2017-01,JavaScript с нуля,0
e9bb9205eeed307ee7cbaa08bfd166c3,2017-02,JavaScript с нуля,0
e9bb9205eeed307ee7cbaa08bfd166c3,2017-03,JavaScript с нуля,0
e9bb9205eeed307ee7cbaa08bfd166c3,2017-04,JavaScript с нуля,0
e9bb9205eeed307ee7cbaa08bfd166c3,2017-05,JavaScript с нуля,0
e9bb9205eeed307ee7cbaa08bfd166c3,2017-06,JavaScript с нуля,0
e9bb9205eeed307ee7cbaa08bfd166c3,2017-07,JavaScript с нуля,0
e9bb9205eeed307ee7cbaa08bfd166c3,2017-08,JavaScript с нуля,0
e9bb9205eeed307ee7cbaa08bfd166c3,2017-09,JavaScript с нуля,0
e9bb9205eeed307ee7cbaa08bfd166c3,2017-10,JavaScript с нуля,0
e9bb9205eeed307ee7cbaa08bfd166c3,2017-11,JavaScript с нуля,0
e9bb9205eeed307ee7cbaa08bfd166c3,2017-12,JavaScript с нуля,0
e9bb9205eeed307ee7cbaa08bfd166c3,2018-01,JavaScript с нуля,0
e9bb9205eeed307ee7cbaa08bfd166c3,2018-02,JavaScript с нуля,3
e9bb9205eeed307ee7cbaa08bfd166c3,2018-03,JavaScript с нуля,118
e9bb9205eeed307ee7cbaa08bfd166c3,2018-04,JavaScript с нуля,139
e9bb9205eeed307ee7cbaa08bfd166c3,2018-05,JavaScript с нуля,307
e9bb9205eeed307ee7cbaa08bfd166c3,2018-06,JavaScript с нуля,402
e9bb9205eeed307ee7cbaa08bfd166c3,2018-07,JavaScript с нуля,720
e9bb9205eeed307ee7cbaa08bfd166c3,2018-08,JavaScript с нуля,717
e9bb9205eeed307ee7cbaa08bfd166c3,2018-09,JavaScript с нуля,830
e9bb9205eeed307ee7cbaa08bfd166c3,2018-10,JavaScript с нуля,1218
e9bb9205eeed307ee7cbaa08bfd166c3,2018-11,JavaScript с нуля,1338
e9bb9205eeed307ee7cbaa08bfd166c3,2018-12,JavaScript с нуля,1543
e9bb9205eeed307ee7cbaa08bfd166c3,2019-01,JavaScript с нуля,2459
e9bb9205eeed307ee7cbaa08bfd166c3,2019-02,JavaScript с нуля,2197
e9bb9205eeed307ee7cbaa08bfd166c3,2019-03,JavaScript с нуля,2399
e9bb9205eeed307ee7cbaa08bfd166c3,2019-04,JavaScript с нуля,2129
e9bb9205eeed307ee7cbaa08bfd166c3,2019-05,JavaScript с нуля,2183
e9bb9205eeed307ee7cbaa08bfd166c3,2019-06,JavaScript с нуля,2077
e9bb9205eeed307ee7cbaa08bfd166c3,2019-07,JavaScript с нуля,970
